{
	"2049": "interrobang",
	"2122": "tm",
	"2139": "information_source",
	"2194": "left_right_arrow",
	"2195": "arrow_up_down",
	"2196": "arrow_upper_left",
	"2197": "arrow_upper_right",
	"2198": "arrow_lower_right",
	"2199": "arrow_lower_left",
	"2328": "keyboard",
	"2600": "sunny",
	"2601": "cloud",
	"2602": "umbrella",
	"2603": "snowman",
	"2604": "comet",
	"2611": "ballot_box_with_check",
	"2614": "umbrella_with_rain_drops",
	"2615": "coffee",
	"2618": "shamrock",
	"2620": "skull_and_crossbones",
	"2622": "radioactive_sign",
	"2623": "biohazard_sign",
	"2626": "orthodox_cross",
	"2638": "wheel_of_dharma",
	"2639": "white_frowning_face",
	"2640": "female_sign",
	"2642": "male_sign",
	"2648": "aries",
	"2649": "taurus",
	"2650": "sagittarius",
	"2651": "capricorn",
	"2652": "aquarius",
	"2653": "pisces",
	"2660": "spades",
	"2663": "clubs",
	"2665": "hearts",
	"2666": "diamonds",
	"2668": "hotsprings",
	"2692": "hammer_and_pick",
	"2693": "anchor",
	"2694": "crossed_swords",
	"2695": ["medical_symbol", "staff_of_aesculapius"],
	"2696": "scales",
	"2697": "alembic",
	"2699": "gear",
	"2702": "scissors",
	"2705": "white_check_mark",
	"2708": "airplane",
	"2709": ["email", "envelope"],
	"2712": "black_nib",
	"2714": "heavy_check_mark",
	"2716": "heavy_multiplication_x",
	"2721": "star_of_david",
	"2728": "sparkles",
	"2733": "eight_spoked_asterisk",
	"2734": "eight_pointed_black_star",
	"2744": "snowflake",
	"2747": "sparkle",
	"2753": "question",
	"2754": "grey_question",
	"2755": "grey_exclamation",
	"2757": ["exclamation", "heavy_exclamation_mark"],
	"2763": "heavy_heart_exclamation_mark_ornament",
	"2764": "heart",
	"2795": "heavy_plus_sign",
	"2796": "heavy_minus_sign",
	"2797": "heavy_division_sign",
	"2934": "arrow_heading_up",
	"2935": "arrow_heading_down",
	"3030": "wavy_dash",
	"3297": "congratulations",
	"3299": "secret",
	"0023-FE0F-20E3": "hash",
	"002A-FE0F-20E3": "keycap_star",
	"0030-FE0F-20E3": "zero",
	"0031-FE0F-20E3": "one",
	"0032-FE0F-20E3": "two",
	"0033-FE0F-20E3": "three",
	"0034-FE0F-20E3": "four",
	"0035-FE0F-20E3": "five",
	"0036-FE0F-20E3": "six",
	"0037-FE0F-20E3": "seven",
	"0038-FE0F-20E3": "eight",
	"0039-FE0F-20E3": "nine",
	"00A9": "copyright",
	"00AE": "registered",
	"1F004": "mahjong",
	"1F0CF": "black_joker",
	"1F170": "a",
	"1F171": "b",
	"1F17E": "o2",
	"1F17F": "parking",
	"1F18E": "ab",
	"1F191": "cl",
	"1F192": "cool",
	"1F193": "free",
	"1F194": "id",
	"1F195": "new",
	"1F196": "ng",
	"1F197": "ok",
	"1F198": "sos",
	"1F199": "up",
	"1F19A": "vs",
	"1F1E6-1F1E8": "flag-ac",
	"1F1E6-1F1E9": "flag-ad",
	"1F1E6-1F1EA": "flag-ae",
	"1F1E6-1F1EB": "flag-af",
	"1F1E6-1F1EC": "flag-ag",
	"1F1E6-1F1EE": "flag-ai",
	"1F1E6-1F1F1": "flag-al",
	"1F1E6-1F1F2": "flag-am",
	"1F1E6-1F1F4": "flag-ao",
	"1F1E6-1F1F6": "flag-aq",
	"1F1E6-1F1F7": "flag-ar",
	"1F1E6-1F1F8": "flag-as",
	"1F1E6-1F1F9": "flag-at",
	"1F1E6-1F1FA": "flag-au",
	"1F1E6-1F1FC": "flag-aw",
	"1F1E6-1F1FD": "flag-ax",
	"1F1E6-1F1FF": "flag-az",
	"1F1E7-1F1E6": "flag-ba",
	"1F1E7-1F1E7": "flag-bb",
	"1F1E7-1F1E9": "flag-bd",
	"1F1E7-1F1EA": "flag-be",
	"1F1E7-1F1EB": "flag-bf",
	"1F1E7-1F1EC": "flag-bg",
	"1F1E7-1F1ED": "flag-bh",
	"1F1E7-1F1EE": "flag-bi",
	"1F1E7-1F1EF": "flag-bj",
	"1F1E7-1F1F1": "flag-bl",
	"1F1E7-1F1F2": "flag-bm",
	"1F1E7-1F1F3": "flag-bn",
	"1F1E7-1F1F4": "flag-bo",
	"1F1E7-1F1F6": "flag-bq",
	"1F1E7-1F1F7": "flag-br",
	"1F1E7-1F1F8": "flag-bs",
	"1F1E7-1F1F9": "flag-bt",
	"1F1E7-1F1FB": "flag-bv",
	"1F1E7-1F1FC": "flag-bw",
	"1F1E7-1F1FE": "flag-by",
	"1F1E7-1F1FF": "flag-bz",
	"1F1E8-1F1E6": "flag-ca",
	"1F1E8-1F1E8": "flag-cc",
	"1F1E8-1F1E9": "flag-cd",
	"1F1E8-1F1EB": "flag-cf",
	"1F1E8-1F1EC": "flag-cg",
	"1F1E8-1F1ED": "flag-ch",
	"1F1E8-1F1EE": "flag-ci",
	"1F1E8-1F1F0": "flag-ck",
	"1F1E8-1F1F1": "flag-cl",
	"1F1E8-1F1F2": "flag-cm",
	"1F1E8-1F1F3": ["cn", "flag-cn"],
	"1F1E8-1F1F4": "flag-co",
	"1F1E8-1F1F5": "flag-cp",
	"1F1E8-1F1F7": "flag-cr",
	"1F1E8-1F1FA": "flag-cu",
	"1F1E8-1F1FB": "flag-cv",
	"1F1E8-1F1FC": "flag-cw",
	"1F1E8-1F1FD": "flag-cx",
	"1F1E8-1F1FE": "flag-cy",
	"1F1E8-1F1FF": "flag-cz",
	"1F1E9-1F1EA": ["de", "flag-de"],
	"1F1E9-1F1EC": "flag-dg",
	"1F1E9-1F1EF": "flag-dj",
	"1F1E9-1F1F0": "flag-dk",
	"1F1E9-1F1F2": "flag-dm",
	"1F1E9-1F1F4": "flag-do",
	"1F1E9-1F1FF": "flag-dz",
	"1F1EA-1F1E6": "flag-ea",
	"1F1EA-1F1E8": "flag-ec",
	"1F1EA-1F1EA": "flag-ee",
	"1F1EA-1F1EC": "flag-eg",
	"1F1EA-1F1ED": "flag-eh",
	"1F1EA-1F1F7": "flag-er",
	"1F1EA-1F1F8": ["es", "flag-es"],
	"1F1EA-1F1F9": "flag-et",
	"1F1EA-1F1FA": "flag-eu",
	"1F1EB-1F1EE": "flag-fi",
	"1F1EB-1F1EF": "flag-fj",
	"1F1EB-1F1F0": "flag-fk",
	"1F1EB-1F1F2": "flag-fm",
	"1F1EB-1F1F4": "flag-fo",
	"1F1EB-1F1F7": ["fr", "flag-fr"],
	"1F1EC-1F1E6": "flag-ga",
	"1F1EC-1F1E7": ["gb", "uk", "flag-gb"],
	"1F1EC-1F1E9": "flag-gd",
	"1F1EC-1F1EA": "flag-ge",
	"1F1EC-1F1EB": "flag-gf",
	"1F1EC-1F1EC": "flag-gg",
	"1F1EC-1F1ED": "flag-gh",
	"1F1EC-1F1EE": "flag-gi",
	"1F1EC-1F1F1": "flag-gl",
	"1F1EC-1F1F2": "flag-gm",
	"1F1EC-1F1F3": "flag-gn",
	"1F1EC-1F1F5": "flag-gp",
	"1F1EC-1F1F6": "flag-gq",
	"1F1EC-1F1F7": "flag-gr",
	"1F1EC-1F1F8": "flag-gs",
	"1F1EC-1F1F9": "flag-gt",
	"1F1EC-1F1FA": "flag-gu",
	"1F1EC-1F1FC": "flag-gw",
	"1F1EC-1F1FE": "flag-gy",
	"1F1ED-1F1F0": "flag-hk",
	"1F1ED-1F1F2": "flag-hm",
	"1F1ED-1F1F3": "flag-hn",
	"1F1ED-1F1F7": "flag-hr",
	"1F1ED-1F1F9": "flag-ht",
	"1F1ED-1F1FA": "flag-hu",
	"1F1EE-1F1E8": "flag-ic",
	"1F1EE-1F1E9": "flag-id",
	"1F1EE-1F1EA": "flag-ie",
	"1F1EE-1F1F1": "flag-il",
	"1F1EE-1F1F2": "flag-im",
	"1F1EE-1F1F3": "flag-in",
	"1F1EE-1F1F4": "flag-io",
	"1F1EE-1F1F6": "flag-iq",
	"1F1EE-1F1F7": "flag-ir",
	"1F1EE-1F1F8": "flag-is",
	"1F1EE-1F1F9": ["it", "flag-it"],
	"1F1EF-1F1EA": "flag-je",
	"1F1EF-1F1F2": "flag-jm",
	"1F1EF-1F1F4": "flag-jo",
	"1F1EF-1F1F5": ["jp", "flag-jp"],
	"1F1F0-1F1EA": "flag-ke",
	"1F1F0-1F1EC": "flag-kg",
	"1F1F0-1F1ED": "flag-kh",
	"1F1F0-1F1EE": "flag-ki",
	"1F1F0-1F1F2": "flag-km",
	"1F1F0-1F1F3": "flag-kn",
	"1F1F0-1F1F5": "flag-kp",
	"1F1F0-1F1F7": ["kr", "flag-kr"],
	"1F1F0-1F1FC": "flag-kw",
	"1F1F0-1F1FE": "flag-ky",
	"1F1F0-1F1FF": "flag-kz",
	"1F1F1-1F1E6": "flag-la",
	"1F1F1-1F1E7": "flag-lb",
	"1F1F1-1F1E8": "flag-lc",
	"1F1F1-1F1EE": "flag-li",
	"1F1F1-1F1F0": "flag-lk",
	"1F1F1-1F1F7": "flag-lr",
	"1F1F1-1F1F8": "flag-ls",
	"1F1F1-1F1F9": "flag-lt",
	"1F1F1-1F1FA": "flag-lu",
	"1F1F1-1F1FB": "flag-lv",
	"1F1F1-1F1FE": "flag-ly",
	"1F1F2-1F1E6": "flag-ma",
	"1F1F2-1F1E8": "flag-mc",
	"1F1F2-1F1E9": "flag-md",
	"1F1F2-1F1EA": "flag-me",
	"1F1F2-1F1EB": "flag-mf",
	"1F1F2-1F1EC": "flag-mg",
	"1F1F2-1F1ED": "flag-mh",
	"1F1F2-1F1F0": "flag-mk",
	"1F1F2-1F1F1": "flag-ml",
	"1F1F2-1F1F2": "flag-mm",
	"1F1F2-1F1F3": "flag-mn",
	"1F1F2-1F1F4": "flag-mo",
	"1F1F2-1F1F5": "flag-mp",
	"1F1F2-1F1F6": "flag-mq",
	"1F1F2-1F1F7": "flag-mr",
	"1F1F2-1F1F8": "flag-ms",
	"1F1F2-1F1F9": "flag-mt",
	"1F1F2-1F1FA": "flag-mu",
	"1F1F2-1F1FB": "flag-mv",
	"1F1F2-1F1FC": "flag-mw",
	"1F1F2-1F1FD": "flag-mx",
	"1F1F2-1F1FE": "flag-my",
	"1F1F2-1F1FF": "flag-mz",
	"1F1F3-1F1E6": "flag-na",
	"1F1F3-1F1E8": "flag-nc",
	"1F1F3-1F1EA": "flag-ne",
	"1F1F3-1F1EB": "flag-nf",
	"1F1F3-1F1EC": "flag-ng",
	"1F1F3-1F1EE": "flag-ni",
	"1F1F3-1F1F1": "flag-nl",
	"1F1F3-1F1F4": "flag-no",
	"1F1F3-1F1F5": "flag-np",
	"1F1F3-1F1F7": "flag-nr",
	"1F1F3-1F1FA": "flag-nu",
	"1F1F3-1F1FF": "flag-nz",
	"1F1F4-1F1F2": "flag-om",
	"1F1F5-1F1E6": "flag-pa",
	"1F1F5-1F1EA": "flag-pe",
	"1F1F5-1F1EB": "flag-pf",
	"1F1F5-1F1EC": "flag-pg",
	"1F1F5-1F1ED": "flag-ph",
	"1F1F5-1F1F0": "flag-pk",
	"1F1F5-1F1F1": "flag-pl",
	"1F1F5-1F1F2": "flag-pm",
	"1F1F5-1F1F3": "flag-pn",
	"1F1F5-1F1F7": "flag-pr",
	"1F1F5-1F1F8": "flag-ps",
	"1F1F5-1F1F9": "flag-pt",
	"1F1F5-1F1FC": "flag-pw",
	"1F1F5-1F1FE": "flag-py",
	"1F1F6-1F1E6": "flag-qa",
	"1F1F7-1F1EA": "flag-re",
	"1F1F7-1F1F4": "flag-ro",
	"1F1F7-1F1F8": "flag-rs",
	"1F1F7-1F1FA": ["ru", "flag-ru"],
	"1F1F7-1F1FC": "flag-rw",
	"1F1F8-1F1E6": "flag-sa",
	"1F1F8-1F1E7": "flag-sb",
	"1F1F8-1F1E8": "flag-sc",
	"1F1F8-1F1E9": "flag-sd",
	"1F1F8-1F1EA": "flag-se",
	"1F1F8-1F1EC": "flag-sg",
	"1F1F8-1F1ED": "flag-sh",
	"1F1F8-1F1EE": "flag-si",
	"1F1F8-1F1EF": "flag-sj",
	"1F1F8-1F1F0": "flag-sk",
	"1F1F8-1F1F1": "flag-sl",
	"1F1F8-1F1F2": "flag-sm",
	"1F1F8-1F1F3": "flag-sn",
	"1F1F8-1F1F4": "flag-so",
	"1F1F8-1F1F7": "flag-sr",
	"1F1F8-1F1F8": "flag-ss",
	"1F1F8-1F1F9": "flag-st",
	"1F1F8-1F1FB": "flag-sv",
	"1F1F8-1F1FD": "flag-sx",
	"1F1F8-1F1FE": "flag-sy",
	"1F1F8-1F1FF": "flag-sz",
	"1F1F9-1F1E6": "flag-ta",
	"1F1F9-1F1E8": "flag-tc",
	"1F1F9-1F1E9": "flag-td",
	"1F1F9-1F1EB": "flag-tf",
	"1F1F9-1F1EC": "flag-tg",
	"1F1F9-1F1ED": "flag-th",
	"1F1F9-1F1EF": "flag-tj",
	"1F1F9-1F1F0": "flag-tk",
	"1F1F9-1F1F1": "flag-tl",
	"1F1F9-1F1F2": "flag-tm",
	"1F1F9-1F1F3": "flag-tn",
	"1F1F9-1F1F4": "flag-to",
	"1F1F9-1F1F7": "flag-tr",
	"1F1F9-1F1F9": "flag-tt",
	"1F1F9-1F1FB": "flag-tv",
	"1F1F9-1F1FC": "flag-tw",
	"1F1F9-1F1FF": "flag-tz",
	"1F1FA-1F1E6": "flag-ua",
	"1F1FA-1F1EC": "flag-ug",
	"1F1FA-1F1F2": "flag-um",
	"1F1FA-1F1F3": "flag-un",
	"1F1FA-1F1F8": ["us", "flag-us"],
	"1F1FA-1F1FE": "flag-uy",
	"1F1FA-1F1FF": "flag-uz",
	"1F1FB-1F1E6": "flag-va",
	"1F1FB-1F1E8": "flag-vc",
	"1F1FB-1F1EA": "flag-ve",
	"1F1FB-1F1EC": "flag-vg",
	"1F1FB-1F1EE": "flag-vi",
	"1F1FB-1F1F3": "flag-vn",
	"1F1FB-1F1FA": "flag-vu",
	"1F1FC-1F1EB": "flag-wf",
	"1F1FC-1F1F8": "flag-ws",
	"1F1FD-1F1F0": "flag-xk",
	"1F1FE-1F1EA": "flag-ye",
	"1F1FE-1F1F9": "flag-yt",
	"1F1FF-1F1E6": "flag-za",
	"1F1FF-1F1F2": "flag-zm",
	"1F1FF-1F1FC": "flag-zw",
	"1F201": "koko",
	"1F202": "sa",
	"1F21A": "u7121",
	"1F22F": "u6307",
	"1F232": "u7981",
	"1F233": "u7a7a",
	"1F234": "u5408",
	"1F235": "u6e80",
	"1F236": "u6709",
	"1F237": "u6708",
	"1F238": "u7533",
	"1F239": "u5272",
	"1F23A": "u55b6",
	"1F250": "ideograph_advantage",
	"1F251": "accept",
	"1F300": "cyclone",
	"1F301": "foggy",
	"1F302": "closed_umbrella",
	"1F303": "night_with_stars",
	"1F304": "sunrise_over_mountains",
	"1F305": "sunrise",
	"1F306": "city_sunset",
	"1F307": "city_sunrise",
	"1F308": "rainbow",
	"1F309": "bridge_at_night",
	"1F30A": "ocean",
	"1F30B": "volcano",
	"1F30C": "milky_way",
	"1F30D": "earth_africa",
	"1F30E": "earth_americas",
	"1F30F": "earth_asia",
	"1F310": "globe_with_meridians",
	"1F311": "new_moon",
	"1F312": "waxing_crescent_moon",
	"1F313": "first_quarter_moon",
	"1F314": ["moon", "waxing_gibbous_moon"],
	"1F315": "full_moon",
	"1F316": "waning_gibbous_moon",
	"1F317": "last_quarter_moon",
	"1F318": "waning_crescent_moon",
	"1F319": "crescent_moon",
	"1F31A": "new_moon_with_face",
	"1F31B": "first_quarter_moon_with_face",
	"1F31C": "last_quarter_moon_with_face",
	"1F31D": "full_moon_with_face",
	"1F31E": "sun_with_face",
	"1F31F": "star2",
	"1F320": "stars",
	"1F321": "thermometer",
	"1F324": ["mostly_sunny", "sun_small_cloud"],
	"1F325": ["barely_sunny", "sun_behind_cloud"],
	"1F326": ["partly_sunny_rain", "sun_behind_rain_cloud"],
	"1F327": "rain_cloud",
	"1F328": "snow_cloud",
	"1F329": ["lightning", "lightning_cloud"],
	"1F32A": ["tornado", "tornado_cloud"],
	"1F32B": "fog",
	"1F32C": "wind_blowing_face",
	"1F32D": "hotdog",
	"1F32E": "taco",
	"1F32F": "burrito",
	"1F330": "chestnut",
	"1F331": "seedling",
	"1F332": "evergreen_tree",
	"1F333": "deciduous_tree",
	"1F334": "palm_tree",
	"1F335": "cactus",
	"1F336": "hot_pepper",
	"1F337": "tulip",
	"1F338": "cherry_blossom",
	"1F339": "rose",
	"1F33A": "hibiscus",
	"1F33B": "sunflower",
	"1F33C": "blossom",
	"1F33D": "corn",
	"1F33E": "ear_of_rice",
	"1F33F": "herb",
	"1F340": "four_leaf_clover",
	"1F341": "maple_leaf",
	"1F342": "fallen_leaf",
	"1F343": "leaves",
	"1F344-200D-1F7EB": "brown_mushroom",
	"1F344": "mushroom",
	"1F345": "tomato",
	"1F346": "eggplant",
	"1F347": "grapes",
	"1F348": "melon",
	"1F349": "watermelon",
	"1F34A": "tangerine",
	"1F34B-200D-1F7E9": "lime",
	"1F34B": "lemon",
	"1F34C": "banana",
	"1F34D": "pineapple",
	"1F34E": "apple",
	"1F34F": "green_apple",
	"1F350": "pear",
	"1F351": "peach",
	"1F352": "cherries",
	"1F353": "strawberry",
	"1F354": "hamburger",
	"1F355": "pizza",
	"1F356": "meat_on_bone",
	"1F357": "poultry_leg",
	"1F358": "rice_cracker",
	"1F359": "rice_ball",
	"1F35A": "rice",
	"1F35B": "curry",
	"1F35C": "ramen",
	"1F35D": "spaghetti",
	"1F35E": "bread",
	"1F35F": "fries",
	"1F360": "sweet_potato",
	"1F361": "dango",
	"1F362": "oden",
	"1F363": "sushi",
	"1F364": "fried_shrimp",
	"1F365": "fish_cake",
	"1F366": "icecream",
	"1F367": "shaved_ice",
	"1F368": "ice_cream",
	"1F369": "doughnut",
	"1F36A": "cookie",
	"1F36B": "chocolate_bar",
	"1F36C": "candy",
	"1F36D": "lollipop",
	"1F36E": "custard",
	"1F36F": "honey_pot",
	"1F370": "cake",
	"1F371": "bento",
	"1F372": "stew",
	"1F373": ["fried_egg", "cooking"],
	"1F374": "fork_and_knife",
	"1F375": "tea",
	"1F376": "sake",
	"1F377": "wine_glass",
	"1F378": "cocktail",
	"1F379": "tropical_drink",
	"1F37A": "beer",
	"1F37B": "beers",
	"1F37C": "baby_bottle",
	"1F37D": "knife_fork_plate",
	"1F37E": "champagne",
	"1F37F": "popcorn",
	"1F380": "ribbon",
	"1F381": "gift",
	"1F382": "birthday",
	"1F383": "jack_o_lantern",
	"1F384": "christmas_tree",
	"1F385": "santa",
	"1F386": "fireworks",
	"1F387": "sparkler",
	"1F388": "balloon",
	"1F389": "tada",
	"1F38A": "confetti_ball",
	"1F38B": "tanabata_tree",
	"1F38C": "crossed_flags",
	"1F38D": "bamboo",
	"1F38E": "dolls",
	"1F38F": "flags",
	"1F390": "wind_chime",
	"1F391": "rice_scene",
	"1F392": "school_satchel",
	"1F393": "mortar_board",
	"1F396": "medal",
	"1F397": "reminder_ribbon",
	"1F399": "studio_microphone",
	"1F39A": "level_slider",
	"1F39B": "control_knobs",
	"1F39E": "film_frames",
	"1F39F": "admission_tickets",
	"1F3A0": "carousel_horse",
	"1F3A1": "ferris_wheel",
	"1F3A2": "roller_coaster",
	"1F3A3": "fishing_pole_and_fish",
	"1F3A4": "microphone",
	"1F3A5": "movie_camera",
	"1F3A6": "cinema",
	"1F3A7": "headphones",
	"1F3A8": "art",
	"1F3A9": "tophat",
	"1F3AA": "circus_tent",
	"1F3AB": "ticket",
	"1F3AC": "clapper",
	"1F3AD": "performing_arts",
	"1F3AE": "video_game",
	"1F3AF": "dart",
	"1F3B0": "slot_machine",
	"1F3B1": "8ball",
	"1F3B2": "game_die",
	"1F3B3": "bowling",
	"1F3B4": "flower_playing_cards",
	"1F3B5": "musical_note",
	"1F3B6": "notes",
	"1F3B7": "saxophone",
	"1F3B8": "guitar",
	"1F3B9": "musical_keyboard",
	"1F3BA": "trumpet",
	"1F3BB": "violin",
	"1F3BC": "musical_score",
	"1F3BD": "running_shirt_with_sash",
	"1F3BE": "tennis",
	"1F3BF": "ski",
	"1F3C0": "basketball",
	"1F3C1": "checkered_flag",
	"1F3C2": "snowboarder",
	"1F3C3-200D-2640-FE0F": "woman-running",
	"1F3C3-200D-2640-FE0F-200D-27A1-FE0F": "woman_running_facing_right",
	"1F3C3-200D-2642-FE0F": "man-running",
	"1F3C3-200D-2642-FE0F-200D-27A1-FE0F": "man_running_facing_right",
	"1F3C3-200D-27A1-FE0F": "person_running_facing_right",
	"1F3C3": ["runner", "running"],
	"1F3C4-200D-2640-FE0F": "woman-surfing",
	"1F3C4-200D-2642-FE0F": "man-surfing",
	"1F3C4": "surfer",
	"1F3C5": "sports_medal",
	"1F3C6": "trophy",
	"1F3C7": "horse_racing",
	"1F3C8": "football",
	"1F3C9": "rugby_football",
	"1F3CA-200D-2640-FE0F": "woman-swimming",
	"1F3CA-200D-2642-FE0F": "man-swimming",
	"1F3CA": "swimmer",
	"1F3CB-FE0F-200D-2640-FE0F": "woman-lifting-weights",
	"1F3CB-FE0F-200D-2642-FE0F": "man-lifting-weights",
	"1F3CB": "weight_lifter",
	"1F3CC-FE0F-200D-2640-FE0F": "woman-golfing",
	"1F3CC-FE0F-200D-2642-FE0F": "man-golfing",
	"1F3CC": "golfer",
	"1F3CD": "racing_motorcycle",
	"1F3CE": "racing_car",
	"1F3CF": "cricket_bat_and_ball",
	"1F3D0": "volleyball",
	"1F3D1": "field_hockey_stick_and_ball",
	"1F3D2": "ice_hockey_stick_and_puck",
	"1F3D3": "table_tennis_paddle_and_ball",
	"1F3D4": "snow_capped_mountain",
	"1F3D5": "camping",
	"1F3D6": "beach_with_umbrella",
	"1F3D7": "building_construction",
	"1F3D8": "house_buildings",
	"1F3D9": "cityscape",
	"1F3DA": "derelict_house_building",
	"1F3DB": "classical_building",
	"1F3DC": "desert",
	"1F3DD": "desert_island",
	"1F3DE": "national_park",
	"1F3DF": "stadium",
	"1F3E0": "house",
	"1F3E1": "house_with_garden",
	"1F3E2": "office",
	"1F3E3": "post_office",
	"1F3E4": "european_post_office",
	"1F3E5": "hospital",
	"1F3E6": "bank",
	"1F3E7": "atm",
	"1F3E8": "hotel",
	"1F3E9": "love_hotel",
	"1F3EA": "convenience_store",
	"1F3EB": "school",
	"1F3EC": "department_store",
	"1F3ED": "factory",
	"1F3EE": ["izakaya_lantern", "lantern"],
	"1F3EF": "japanese_castle",
	"1F3F0": "european_castle",
	"1F3F3-FE0F-200D-1F308": "rainbow-flag",
	"1F3F3-FE0F-200D-26A7-FE0F": "transgender_flag",
	"1F3F3": "waving_white_flag",
	"1F3F4-200D-2620-FE0F": "pirate_flag",
	"1F3F4-E0067-E0062-E0065-E006E-E0067-E007F": "flag-england",
	"1F3F4-E0067-E0062-E0073-E0063-E0074-E007F": "flag-scotland",
	"1F3F4-E0067-E0062-E0077-E006C-E0073-E007F": "flag-wales",
	"1F3F4": "waving_black_flag",
	"1F3F5": "rosette",
	"1F3F7": "label",
	"1F3F8": "badminton_racquet_and_shuttlecock",
	"1F3F9": "bow_and_arrow",
	"1F3FA": "amphora",
	"1F3FB": "skin-tone-2",
	"1F3FC": "skin-tone-3",
	"1F3FD": "skin-tone-4",
	"1F3FE": "skin-tone-5",
	"1F3FF": "skin-tone-6",
	"1F400": "rat",
	"1F401": "mouse2",
	"1F402": "ox",
	"1F403": "water_buffalo",
	"1F404": "cow2",
	"1F405": "tiger2",
	"1F406": "leopard",
	"1F407": "rabbit2",
	"1F408-200D-2B1B": "black_cat",
	"1F408": "cat2",
	"1F409": "dragon",
	"1F40A": "crocodile",
	"1F40B": "whale2",
	"1F40C": "snail",
	"1F40D": "snake",
	"1F40E": "racehorse",
	"1F40F": "ram",
	"1F410": "goat",
	"1F411": "sheep",
	"1F412": "monkey",
	"1F413": "rooster",
	"1F414": "chicken",
	"1F415-200D-1F9BA": "service_dog",
	"1F415": "dog2",
	"1F416": "pig2",
	"1F417": "boar",
	"1F418": "elephant",
	"1F419": "octopus",
	"1F41A": "shell",
	"1F41B": "bug",
	"1F41C": "ant",
	"1F41D": ["bee", "honeybee"],
	"1F41E": ["ladybug", "lady_beetle"],
	"1F41F": "fish",
	"1F420": "tropical_fish",
	"1F421": "blowfish",
	"1F422": "turtle",
	"1F423": "hatching_chick",
	"1F424": "baby_chick",
	"1F425": "hatched_chick",
	"1F426-200D-1F525": "phoenix",
	"1F426-200D-2B1B": "black_bird",
	"1F426": "bird",
	"1F427": "penguin",
	"1F428": "koala",
	"1F429": "poodle",
	"1F42A": "dromedary_camel",
	"1F42B": "camel",
	"1F42C": ["dolphin", "flipper"],
	"1F42D": "mouse",
	"1F42E": "cow",
	"1F42F": "tiger",
	"1F430": "rabbit",
	"1F431": "cat",
	"1F432": "dragon_face",
	"1F433": "whale",
	"1F434": "horse",
	"1F435": "monkey_face",
	"1F436": "dog",
	"1F437": "pig",
	"1F438": "frog",
	"1F439": "hamster",
	"1F43A": "wolf",
	"1F43B-200D-2744-FE0F": "polar_bear",
	"1F43B": "bear",
	"1F43C": "panda_face",
	"1F43D": "pig_nose",
	"1F43E": ["feet", "paw_prints"],
	"1F43F": "chipmunk",
	"1F440": "eyes",
	"1F441-FE0F-200D-1F5E8-FE0F": "eye-in-speech-bubble",
	"1F441": "eye",
	"1F442": "ear",
	"1F443": "nose",
	"1F444": "lips",
	"1F445": "tongue",
	"1F446": "point_up_2",
	"1F447": "point_down",
	"1F448": "point_left",
	"1F449": "point_right",
	"1F44A": ["facepunch", "punch"],
	"1F44B": "wave",
	"1F44C": "ok_hand",
	"1F44D": ["+1", "thumbsup"],
	"1F44E": ["-1", "thumbsdown"],
	"1F44F": "clap",
	"1F450": "open_hands",
	"1F451": "crown",
	"1F452": "womans_hat",
	"1F453": "eyeglasses",
	"1F454": "necktie",
	"1F455": ["shirt", "tshirt"],
	"1F456": "jeans",
	"1F457": "dress",
	"1F458": "kimono",
	"1F459": "bikini",
	"1F45A": "womans_clothes",
	"1F45B": "purse",
	"1F45C": "handbag",
	"1F45D": "pouch",
	"1F45E": ["mans_shoe", "shoe"],
	"1F45F": "athletic_shoe",
	"1F460": "high_heel",
	"1F461": "sandal",
	"1F462": "boot",
	"1F463": "footprints",
	"1F464": "bust_in_silhouette",
	"1F465": "busts_in_silhouette",
	"1F466": "boy",
	"1F467": "girl",
	"1F468-200D-1F33E": "male-farmer",
	"1F468-200D-1F373": "male-cook",
	"1F468-200D-1F37C": "man_feeding_baby",
	"1F468-200D-1F393": "male-student",
	"1F468-200D-1F3A4": "male-singer",
	"1F468-200D-1F3A8": "male-artist",
	"1F468-200D-1F3EB": "male-teacher",
	"1F468-200D-1F3ED": "male-factory-worker",
	"1F468-200D-1F466-200D-1F466": "man-boy-boy",
	"1F468-200D-1F466": "man-boy",
	"1F468-200D-1F467-200D-1F466": "man-girl-boy",
	"1F468-200D-1F467-200D-1F467": "man-girl-girl",
	"1F468-200D-1F467": "man-girl",
	"1F468-200D-1F468-200D-1F466": "man-man-boy",
	"1F468-200D-1F468-200D-1F466-200D-1F466": "man-man-boy-boy",
	"1F468-200D-1F468-200D-1F467": "man-man-girl",
	"1F468-200D-1F468-200D-1F467-200D-1F466": "man-man-girl-boy",
	"1F468-200D-1F468-200D-1F467-200D-1F467": "man-man-girl-girl",
	"1F468-200D-1F469-200D-1F466": "man-woman-boy",
	"1F468-200D-1F469-200D-1F466-200D-1F466": "man-woman-boy-boy",
	"1F468-200D-1F469-200D-1F467": "man-woman-girl",
	"1F468-200D-1F469-200D-1F467-200D-1F466": "man-woman-girl-boy",
	"1F468-200D-1F469-200D-1F467-200D-1F467": "man-woman-girl-girl",
	"1F468-200D-1F4BB": "male-technologist",
	"1F468-200D-1F4BC": "male-office-worker",
	"1F468-200D-1F527": "male-mechanic",
	"1F468-200D-1F52C": "male-scientist",
	"1F468-200D-1F680": "male-astronaut",
	"1F468-200D-1F692": "male-firefighter",
	"1F468-200D-1F9AF-200D-27A1-FE0F": "man_with_white_cane_facing_right",
	"1F468-200D-1F9AF": "man_with_probing_cane",
	"1F468-200D-1F9B0": "red_haired_man",
	"1F468-200D-1F9B1": "curly_haired_man",
	"1F468-200D-1F9B2": "bald_man",
	"1F468-200D-1F9B3": "white_haired_man",
	"1F468-200D-1F9BC-200D-27A1-FE0F": "man_in_motorized_wheelchair_facing_right",
	"1F468-200D-1F9BC": "man_in_motorized_wheelchair",
	"1F468-200D-1F9BD-200D-27A1-FE0F": "man_in_manual_wheelchair_facing_right",
	"1F468-200D-1F9BD": "man_in_manual_wheelchair",
	"1F468-200D-2695-FE0F": "male-doctor",
	"1F468-200D-2696-FE0F": "male-judge",
	"1F468-200D-2708-FE0F": "male-pilot",
	"1F468-200D-2764-FE0F-200D-1F468": "man-heart-man",
	"1F468-200D-2764-FE0F-200D-1F48B-200D-1F468": "man-kiss-man",
	"1F468": "man",
	"1F469-200D-1F33E": "female-farmer",
	"1F469-200D-1F373": "female-cook",
	"1F469-200D-1F37C": "woman_feeding_baby",
	"1F469-200D-1F393": "female-student",
	"1F469-200D-1F3A4": "female-singer",
	"1F469-200D-1F3A8": "female-artist",
	"1F469-200D-1F3EB": "female-teacher",
	"1F469-200D-1F3ED": "female-factory-worker",
	"1F469-200D-1F466-200D-1F466": "woman-boy-boy",
	"1F469-200D-1F466": "woman-boy",
	"1F469-200D-1F467-200D-1F466": "woman-girl-boy",
	"1F469-200D-1F467-200D-1F467": "woman-girl-girl",
	"1F469-200D-1F467": "woman-girl",
	"1F469-200D-1F469-200D-1F466": "woman-woman-boy",
	"1F469-200D-1F469-200D-1F466-200D-1F466": "woman-woman-boy-boy",
	"1F469-200D-1F469-200D-1F467": "woman-woman-girl",
	"1F469-200D-1F469-200D-1F467-200D-1F466": "woman-woman-girl-boy",
	"1F469-200D-1F469-200D-1F467-200D-1F467": "woman-woman-girl-girl",
	"1F469-200D-1F4BB": "female-technologist",
	"1F469-200D-1F4BC": "female-office-worker",
	"1F469-200D-1F527": "female-mechanic",
	"1F469-200D-1F52C": "female-scientist",
	"1F469-200D-1F680": "female-astronaut",
	"1F469-200D-1F692": "female-firefighter",
	"1F469-200D-1F9AF-200D-27A1-FE0F": "woman_with_white_cane_facing_right",
	"1F469-200D-1F9AF": "woman_with_probing_cane",
	"1F469-200D-1F9B0": "red_haired_woman",
	"1F469-200D-1F9B1": "curly_haired_woman",
	"1F469-200D-1F9B2": "bald_woman",
	"1F469-200D-1F9B3": "white_haired_woman",
	"1F469-200D-1F9BC-200D-27A1-FE0F": "woman_in_motorized_wheelchair_facing_right",
	"1F469-200D-1F9BC": "woman_in_motorized_wheelchair",
	"1F469-200D-1F9BD-200D-27A1-FE0F": "woman_in_manual_wheelchair_facing_right",
	"1F469-200D-1F9BD": "woman_in_manual_wheelchair",
	"1F469-200D-2695-FE0F": "female-doctor",
	"1F469-200D-2696-FE0F": "female-judge",
	"1F469-200D-2708-FE0F": "female-pilot",
	"1F469-200D-2764-FE0F-200D-1F468": "woman-heart-man",
	"1F469-200D-2764-FE0F-200D-1F469": "woman-heart-woman",
	"1F469-200D-2764-FE0F-200D-1F48B-200D-1F468": "woman-kiss-man",
	"1F469-200D-2764-FE0F-200D-1F48B-200D-1F469": "woman-kiss-woman",
	"1F469": "woman",
	"1F46A": "family",
	"1F46B": ["man_and_woman_holding_hands", "woman_and_man_holding_hands", "couple"],
	"1F46C": ["two_men_holding_hands", "men_holding_hands"],
	"1F46D": ["two_women_holding_hands", "women_holding_hands"],
	"1F46E-200D-2640-FE0F": "female-police-officer",
	"1F46E-200D-2642-FE0F": "male-police-officer",
	"1F46E": "cop",
	"1F46F-200D-2640-FE0F": ["women-with-bunny-ears-partying", "woman-with-bunny-ears-partying"],
	"1F46F-200D-2642-FE0F": ["men-with-bunny-ears-partying", "man-with-bunny-ears-partying"],
	"1F46F": "dancers",
	"1F470-200D-2640-FE0F": "woman_with_veil",
	"1F470-200D-2642-FE0F": "man_with_veil",
	"1F470": "bride_with_veil",
	"1F471-200D-2640-FE0F": "blond-haired-woman",
	"1F471-200D-2642-FE0F": "blond-haired-man",
	"1F471": "person_with_blond_hair",
	"1F472": "man_with_gua_pi_mao",
	"1F473-200D-2640-FE0F": "woman-wearing-turban",
	"1F473-200D-2642-FE0F": "man-wearing-turban",
	"1F473": "man_with_turban",
	"1F474": "older_man",
	"1F475": "older_woman",
	"1F476": "baby",
	"1F477-200D-2640-FE0F": "female-construction-worker",
	"1F477-200D-2642-FE0F": "male-construction-worker",
	"1F477": "construction_worker",
	"1F478": "princess",
	"1F479": "japanese_ogre",
	"1F47A": "japanese_goblin",
	"1F47B": "ghost",
	"1F47C": "angel",
	"1F47D": "alien",
	"1F47E": "space_invader",
	"1F47F": "imp",
	"1F480": "skull",
	"1F481-200D-2640-FE0F": "woman-tipping-hand",
	"1F481-200D-2642-FE0F": "man-tipping-hand",
	"1F481": "information_desk_person",
	"1F482-200D-2640-FE0F": "female-guard",
	"1F482-200D-2642-FE0F": "male-guard",
	"1F482": "guardsman",
	"1F483": "dancer",
	"1F484": "lipstick",
	"1F485": "nail_care",
	"1F486-200D-2640-FE0F": "woman-getting-massage",
	"1F486-200D-2642-FE0F": "man-getting-massage",
	"1F486": "massage",
	"1F487-200D-2640-FE0F": "woman-getting-haircut",
	"1F487-200D-2642-FE0F": "man-getting-haircut",
	"1F487": "haircut",
	"1F488": "barber",
	"1F489": "syringe",
	"1F48A": "pill",
	"1F48B": "kiss",
	"1F48C": "love_letter",
	"1F48D": "ring",
	"1F48E": "gem",
	"1F48F": "couplekiss",
	"1F490": "bouquet",
	"1F491": "couple_with_heart",
	"1F492": "wedding",
	"1F493": "heartbeat",
	"1F494": "broken_heart",
	"1F495": "two_hearts",
	"1F496": "sparkling_heart",
	"1F497": "heartpulse",
	"1F498": "cupid",
	"1F499": "blue_heart",
	"1F49A": "green_heart",
	"1F49B": "yellow_heart",
	"1F49C": "purple_heart",
	"1F49D": "gift_heart",
	"1F49E": "revolving_hearts",
	"1F49F": "heart_decoration",
	"1F4A0": "diamond_shape_with_a_dot_inside",
	"1F4A1": "bulb",
	"1F4A2": "anger",
	"1F4A3": "bomb",
	"1F4A4": "zzz",
	"1F4A5": ["boom", "collision"],
	"1F4A6": "sweat_drops",
	"1F4A7": "droplet",
	"1F4A8": "dash",
	"1F4A9": ["hankey", "poop", "shit"],
	"1F4AA": "muscle",
	"1F4AB": "dizzy",
	"1F4AC": "speech_balloon",
	"1F4AD": "thought_balloon",
	"1F4AE": "white_flower",
	"1F4AF": "100",
	"1F4B0": "moneybag",
	"1F4B1": "currency_exchange",
	"1F4B2": "heavy_dollar_sign",
	"1F4B3": "credit_card",
	"1F4B4": "yen",
	"1F4B5": "dollar",
	"1F4B6": "euro",
	"1F4B7": "pound",
	"1F4B8": "money_with_wings",
	"1F4B9": "chart",
	"1F4BA": "seat",
	"1F4BB": "computer",
	"1F4BC": "briefcase",
	"1F4BD": "minidisc",
	"1F4BE": "floppy_disk",
	"1F4BF": "cd",
	"1F4C0": "dvd",
	"1F4C1": "file_folder",
	"1F4C2": "open_file_folder",
	"1F4C3": "page_with_curl",
	"1F4C4": "page_facing_up",
	"1F4C5": "date",
	"1F4C6": "calendar",
	"1F4C7": "card_index",
	"1F4C8": "chart_with_upwards_trend",
	"1F4C9": "chart_with_downwards_trend",
	"1F4CA": "bar_chart",
	"1F4CB": "clipboard",
	"1F4CC": "pushpin",
	"1F4CD": "round_pushpin",
	"1F4CE": "paperclip",
	"1F4CF": "straight_ruler",
	"1F4D0": "triangular_ruler",
	"1F4D1": "bookmark_tabs",
	"1F4D2": "ledger",
	"1F4D3": "notebook",
	"1F4D4": "notebook_with_decorative_cover",
	"1F4D5": "closed_book",
	"1F4D6": ["book", "open_book"],
	"1F4D7": "green_book",
	"1F4D8": "blue_book",
	"1F4D9": "orange_book",
	"1F4DA": "books",
	"1F4DB": "name_badge",
	"1F4DC": "scroll",
	"1F4DD": ["memo", "pencil"],
	"1F4DE": "telephone_receiver",
	"1F4DF": "pager",
	"1F4E0": "fax",
	"1F4E1": "satellite_antenna",
	"1F4E2": "loudspeaker",
	"1F4E3": "mega",
	"1F4E4": "outbox_tray",
	"1F4E5": "inbox_tray",
	"1F4E6": "package",
	"1F4E7": "e-mail",
	"1F4E8": "incoming_envelope",
	"1F4E9": "envelope_with_arrow",
	"1F4EA": "mailbox_closed",
	"1F4EB": "mailbox",
	"1F4EC": "mailbox_with_mail",
	"1F4ED": "mailbox_with_no_mail",
	"1F4EE": "postbox",
	"1F4EF": "postal_horn",
	"1F4F0": "newspaper",
	"1F4F1": "iphone",
	"1F4F2": "calling",
	"1F4F3": "vibration_mode",
	"1F4F4": "mobile_phone_off",
	"1F4F5": "no_mobile_phones",
	"1F4F6": "signal_strength",
	"1F4F7": "camera",
	"1F4F8": "camera_with_flash",
	"1F4F9": "video_camera",
	"1F4FA": "tv",
	"1F4FB": "radio",
	"1F4FC": "vhs",
	"1F4FD": "film_projector",
	"1F4FF": "prayer_beads",
	"1F500": "twisted_rightwards_arrows",
	"1F501": "repeat",
	"1F502": "repeat_one",
	"1F503": "arrows_clockwise",
	"1F504": "arrows_counterclockwise",
	"1F505": "low_brightness",
	"1F506": "high_brightness",
	"1F507": "mute",
	"1F508": "speaker",
	"1F509": "sound",
	"1F50A": "loud_sound",
	"1F50B": "battery",
	"1F50C": "electric_plug",
	"1F50D": "mag",
	"1F50E": "mag_right",
	"1F50F": "lock_with_ink_pen",
	"1F510": "closed_lock_with_key",
	"1F511": "key",
	"1F512": "lock",
	"1F513": "unlock",
	"1F514": "bell",
	"1F515": "no_bell",
	"1F516": "bookmark",
	"1F517": "link",
	"1F518": "radio_button",
	"1F519": "back",
	"1F51A": "end",
	"1F51B": "on",
	"1F51C": "soon",
	"1F51D": "top",
	"1F51E": "underage",
	"1F51F": "keycap_ten",
	"1F520": "capital_abcd",
	"1F521": "abcd",
	"1F522": "1234",
	"1F523": "symbols",
	"1F524": "abc",
	"1F525": "fire",
	"1F526": "flashlight",
	"1F527": "wrench",
	"1F528": "hammer",
	"1F529": "nut_and_bolt",
	"1F52A": ["hocho", "knife"],
	"1F52B": "gun",
	"1F52C": "microscope",
	"1F52D": "telescope",
	"1F52E": "crystal_ball",
	"1F52F": "six_pointed_star",
	"1F530": "beginner",
	"1F531": "trident",
	"1F532": "black_square_button",
	"1F533": "white_square_button",
	"1F534": "red_circle",
	"1F535": "large_blue_circle",
	"1F536": "large_orange_diamond",
	"1F537": "large_blue_diamond",
	"1F538": "small_orange_diamond",
	"1F539": "small_blue_diamond",
	"1F53A": "small_red_triangle",
	"1F53B": "small_red_triangle_down",
	"1F53C": "arrow_up_small",
	"1F53D": "arrow_down_small",
	"1F549": "om_symbol",
	"1F54A": "dove_of_peace",
	"1F54B": "kaaba",
	"1F54C": "mosque",
	"1F54D": "synagogue",
	"1F54E": "menorah_with_nine_branches",
	"1F550": "clock1",
	"1F551": "clock2",
	"1F552": "clock3",
	"1F553": "clock4",
	"1F554": "clock5",
	"1F555": "clock6",
	"1F556": "clock7",
	"1F557": "clock8",
	"1F558": "clock9",
	"1F559": "clock10",
	"1F55A": "clock11",
	"1F55B": "clock12",
	"1F55C": "clock130",
	"1F55D": "clock230",
	"1F55E": "clock330",
	"1F55F": "clock430",
	"1F560": "clock530",
	"1F561": "clock630",
	"1F562": "clock730",
	"1F563": "clock830",
	"1F564": "clock930",
	"1F565": "clock1030",
	"1F566": "clock1130",
	"1F567": "clock1230",
	"1F56F": "candle",
	"1F570": "mantelpiece_clock",
	"1F573": "hole",
	"1F574": "man_in_business_suit_levitating",
	"1F575-FE0F-200D-2640-FE0F": "female-detective",
	"1F575-FE0F-200D-2642-FE0F": "male-detective",
	"1F575": "sleuth_or_spy",
	"1F576": "dark_sunglasses",
	"1F577": "spider",
	"1F578": "spider_web",
	"1F579": "joystick",
	"1F57A": "man_dancing",
	"1F587": "linked_paperclips",
	"1F58A": "lower_left_ballpoint_pen",
	"1F58B": "lower_left_fountain_pen",
	"1F58C": "lower_left_paintbrush",
	"1F58D": "lower_left_crayon",
	"1F590": "raised_hand_with_fingers_splayed",
	"1F595": ["middle_finger", "reversed_hand_with_middle_finger_extended"],
	"1F596": "spock-hand",
	"1F5A4": "black_heart",
	"1F5A5": "desktop_computer",
	"1F5A8": "printer",
	"1F5B1": "three_button_mouse",
	"1F5B2": "trackball",
	"1F5BC": "frame_with_picture",
	"1F5C2": "card_index_dividers",
	"1F5C3": "card_file_box",
	"1F5C4": "file_cabinet",
	"1F5D1": "wastebasket",
	"1F5D2": "spiral_note_pad",
	"1F5D3": "spiral_calendar_pad",
	"1F5DC": "compression",
	"1F5DD": "old_key",
	"1F5DE": "rolled_up_newspaper",
	"1F5E1": "dagger_knife",
	"1F5E3": "speaking_head_in_silhouette",
	"1F5E8": "left_speech_bubble",
	"1F5EF": "right_anger_bubble",
	"1F5F3": "ballot_box_with_ballot",
	"1F5FA": "world_map",
	"1F5FB": "mount_fuji",
	"1F5FC": "tokyo_tower",
	"1F5FD": "statue_of_liberty",
	"1F5FE": "japan",
	"1F5FF": "moyai",
	"1F600": "grinning",
	"1F601": "grin",
	"1F602": "joy",
	"1F603": "smiley",
	"1F604": "smile",
	"1F605": "sweat_smile",
	"1F606": ["laughing", "satisfied"],
	"1F607": "innocent",
	"1F608": "smiling_imp",
	"1F609": "wink",
	"1F60A": "blush",
	"1F60B": "yum",
	"1F60C": "relieved",
	"1F60D": "heart_eyes",
	"1F60E": "sunglasses",
	"1F60F": "smirk",
	"1F610": "neutral_face",
	"1F611": "expressionless",
	"1F612": "unamused",
	"1F613": "sweat",
	"1F614": "pensive",
	"1F615": "confused",
	"1F616": "confounded",
	"1F617": "kissing",
	"1F618": "kissing_heart",
	"1F619": "kissing_smiling_eyes",
	"1F61A": "kissing_closed_eyes",
	"1F61B": "stuck_out_tongue",
	"1F61C": "stuck_out_tongue_winking_eye",
	"1F61D": "stuck_out_tongue_closed_eyes",
	"1F61E": "disappointed",
	"1F61F": "worried",
	"1F620": "angry",
	"1F621": "rage",
	"1F622": "cry",
	"1F623": "persevere",
	"1F624": "triumph",
	"1F625": "disappointed_relieved",
	"1F626": "frowning",
	"1F627": "anguished",
	"1F628": "fearful",
	"1F629": "weary",
	"1F62A": "sleepy",
	"1F62B": "tired_face",
	"1F62C": "grimacing",
	"1F62D": "sob",
	"1F62E-200D-1F4A8": "face_exhaling",
	"1F62E": "open_mouth",
	"1F62F": "hushed",
	"1F630": "cold_sweat",
	"1F631": "scream",
	"1F632": "astonished",
	"1F633": "flushed",
	"1F634": "sleeping",
	"1F635-200D-1F4AB": "face_with_spiral_eyes",
	"1F635": "dizzy_face",
	"1F636-200D-1F32B-FE0F": "face_in_clouds",
	"1F636": "no_mouth",
	"1F637": "mask",
	"1F638": "smile_cat",
	"1F639": "joy_cat",
	"1F63A": "smiley_cat",
	"1F63B": "heart_eyes_cat",
	"1F63C": "smirk_cat",
	"1F63D": "kissing_cat",
	"1F63E": "pouting_cat",
	"1F63F": "crying_cat_face",
	"1F640": "scream_cat",
	"1F641": "slightly_frowning_face",
	"1F642-200D-2194-FE0F": "head_shaking_horizontally",
	"1F642-200D-2195-FE0F": "head_shaking_vertically",
	"1F642": "slightly_smiling_face",
	"1F643": "upside_down_face",
	"1F644": "face_with_rolling_eyes",
	"1F645-200D-2640-FE0F": "woman-gesturing-no",
	"1F645-200D-2642-FE0F": "man-gesturing-no",
	"1F645": "no_good",
	"1F646-200D-2640-FE0F": "woman-gesturing-ok",
	"1F646-200D-2642-FE0F": "man-gesturing-ok",
	"1F646": "ok_woman",
	"1F647-200D-2640-FE0F": "woman-bowing",
	"1F647-200D-2642-FE0F": "man-bowing",
	"1F647": "bow",
	"1F648": "see_no_evil",
	"1F649": "hear_no_evil",
	"1F64A": "speak_no_evil",
	"1F64B-200D-2640-FE0F": "woman-raising-hand",
	"1F64B-200D-2642-FE0F": "man-raising-hand",
	"1F64B": "raising_hand",
	"1F64C": "raised_hands",
	"1F64D-200D-2640-FE0F": "woman-frowning",
	"1F64D-200D-2642-FE0F": "man-frowning",
	"1F64D": "person_frowning",
	"1F64E-200D-2640-FE0F": "woman-pouting",
	"1F64E-200D-2642-FE0F": "man-pouting",
	"1F64E": "person_with_pouting_face",
	"1F64F": "pray",
	"1F680": "rocket",
	"1F681": "helicopter",
	"1F682": "steam_locomotive",
	"1F683": "railway_car",
	"1F684": "bullettrain_side",
	"1F685": "bullettrain_front",
	"1F686": "train2",
	"1F687": "metro",
	"1F688": "light_rail",
	"1F689": "station",
	"1F68A": "tram",
	"1F68B": "train",
	"1F68C": "bus",
	"1F68D": "oncoming_bus",
	"1F68E": "trolleybus",
	"1F68F": "busstop",
	"1F690": "minibus",
	"1F691": "ambulance",
	"1F692": "fire_engine",
	"1F693": "police_car",
	"1F694": "oncoming_police_car",
	"1F695": "taxi",
	"1F696": "oncoming_taxi",
	"1F697": ["car", "red_car"],
	"1F698": "oncoming_automobile",
	"1F699": "blue_car",
	"1F69A": "truck",
	"1F69B": "articulated_lorry",
	"1F69C": "tractor",
	"1F69D": "monorail",
	"1F69E": "mountain_railway",
	"1F69F": "suspension_railway",
	"1F6A0": "mountain_cableway",
	"1F6A1": "aerial_tramway",
	"1F6A2": "ship",
	"1F6A3-200D-2640-FE0F": "woman-rowing-boat",
	"1F6A3-200D-2642-FE0F": "man-rowing-boat",
	"1F6A3": "rowboat",
	"1F6A4": "speedboat",
	"1F6A5": "traffic_light",
	"1F6A6": "vertical_traffic_light",
	"1F6A7": "construction",
	"1F6A8": "rotating_light",
	"1F6A9": "triangular_flag_on_post",
	"1F6AA": "door",
	"1F6AB": "no_entry_sign",
	"1F6AC": "smoking",
	"1F6AD": "no_smoking",
	"1F6AE": "put_litter_in_its_place",
	"1F6AF": "do_not_litter",
	"1F6B0": "potable_water",
	"1F6B1": "non-potable_water",
	"1F6B2": "bike",
	"1F6B3": "no_bicycles",
	"1F6B4-200D-2640-FE0F": "woman-biking",
	"1F6B4-200D-2642-FE0F": "man-biking",
	"1F6B4": "bicyclist",
	"1F6B5-200D-2640-FE0F": "woman-mountain-biking",
	"1F6B5-200D-2642-FE0F": "man-mountain-biking",
	"1F6B5": "mountain_bicyclist",
	"1F6B6-200D-2640-FE0F": "woman-walking",
	"1F6B6-200D-2640-FE0F-200D-27A1-FE0F": "woman_walking_facing_right",
	"1F6B6-200D-2642-FE0F": "man-walking",
	"1F6B6-200D-2642-FE0F-200D-27A1-FE0F": "man_walking_facing_right",
	"1F6B6-200D-27A1-FE0F": "person_walking_facing_right",
	"1F6B6": "walking",
	"1F6B7": "no_pedestrians",
	"1F6B8": "children_crossing",
	"1F6B9": "mens",
	"1F6BA": "womens",
	"1F6BB": "restroom",
	"1F6BC": "baby_symbol",
	"1F6BD": "toilet",
	"1F6BE": "wc",
	"1F6BF": "shower",
	"1F6C0": "bath",
	"1F6C1": "bathtub",
	"1F6C2": "passport_control",
	"1F6C3": "customs",
	"1F6C4": "baggage_claim",
	"1F6C5": "left_luggage",
	"1F6CB": "couch_and_lamp",
	"1F6CC": "sleeping_accommodation",
	"1F6CD": "shopping_bags",
	"1F6CE": "bellhop_bell",
	"1F6CF": "bed",
	"1F6D0": "place_of_worship",
	"1F6D1": "octagonal_sign",
	"1F6D2": "shopping_trolley",
	"1F6D5": "hindu_temple",
	"1F6D6": "hut",
	"1F6D7": "elevator",
	"1F6DC": "wireless",
	"1F6DD": "playground_slide",
	"1F6DE": "wheel",
	"1F6DF": "ring_buoy",
	"1F6E0": "hammer_and_wrench",
	"1F6E1": "shield",
	"1F6E2": "oil_drum",
	"1F6E3": "motorway",
	"1F6E4": "railway_track",
	"1F6E5": "motor_boat",
	"1F6E9": "small_airplane",
	"1F6EB": "airplane_departure",
	"1F6EC": "airplane_arriving",
	"1F6F0": "satellite",
	"1F6F3": "passenger_ship",
	"1F6F4": "scooter",
	"1F6F5": "motor_scooter",
	"1F6F6": "canoe",
	"1F6F7": "sled",
	"1F6F8": "flying_saucer",
	"1F6F9": "skateboard",
	"1F6FA": "auto_rickshaw",
	"1F6FB": "pickup_truck",
	"1F6FC": "roller_skate",
	"1F7E0": "large_orange_circle",
	"1F7E1": "large_yellow_circle",
	"1F7E2": "large_green_circle",
	"1F7E3": "large_purple_circle",
	"1F7E4": "large_brown_circle",
	"1F7E5": "large_red_square",
	"1F7E6": "large_blue_square",
	"1F7E7": "large_orange_square",
	"1F7E8": "large_yellow_square",
	"1F7E9": "large_green_square",
	"1F7EA": "large_purple_square",
	"1F7EB": "large_brown_square",
	"1F7F0": "heavy_equals_sign",
	"1F90C": "pinched_fingers",
	"1F90D": "white_heart",
	"1F90E": "brown_heart",
	"1F90F": "pinching_hand",
	"1F910": "zipper_mouth_face",
	"1F911": "money_mouth_face",
	"1F912": "face_with_thermometer",
	"1F913": "nerd_face",
	"1F914": "thinking_face",
	"1F915": "face_with_head_bandage",
	"1F916": "robot_face",
	"1F917": "hugging_face",
	"1F918": ["the_horns", "sign_of_the_horns"],
	"1F919": "call_me_hand",
	"1F91A": "raised_back_of_hand",
	"1F91B": "left-facing_fist",
	"1F91C": "right-facing_fist",
	"1F91D": "handshake",
	"1F91E": ["crossed_fingers", "hand_with_index_and_middle_fingers_crossed"],
	"1F91F": "i_love_you_hand_sign",
	"1F920": "face_with_cowboy_hat",
	"1F921": "clown_face",
	"1F922": "nauseated_face",
	"1F923": "rolling_on_the_floor_laughing",
	"1F924": "drooling_face",
	"1F925": "lying_face",
	"1F926-200D-2640-FE0F": "woman-facepalming",
	"1F926-200D-2642-FE0F": "man-facepalming",
	"1F926": "face_palm",
	"1F927": "sneezing_face",
	"1F928": ["face_with_raised_eyebrow", "face_with_one_eyebrow_raised"],
	"1F929": ["star-struck", "grinning_face_with_star_eyes"],
	"1F92A": ["zany_face", "grinning_face_with_one_large_and_one_small_eye"],
	"1F92B": ["shushing_face", "face_with_finger_covering_closed_lips"],
	"1F92C": ["face_with_symbols_on_mouth", "serious_face_with_symbols_covering_mouth"],
	"1F92D": ["face_with_hand_over_mouth", "smiling_face_with_smiling_eyes_and_hand_covering_mouth"],
	"1F92E": ["face_vomiting", "face_with_open_mouth_vomiting"],
	"1F92F": ["exploding_head", "shocked_face_with_exploding_head"],
	"1F930": "pregnant_woman",
	"1F931": "breast-feeding",
	"1F932": "palms_up_together",
	"1F933": "selfie",
	"1F934": "prince",
	"1F935-200D-2640-FE0F": "woman_in_tuxedo",
	"1F935-200D-2642-FE0F": "man_in_tuxedo",
	"1F935": "person_in_tuxedo",
	"1F936": ["mrs_claus", "mother_christmas"],
	"1F937-200D-2640-FE0F": "woman-shrugging",
	"1F937-200D-2642-FE0F": "man-shrugging",
	"1F937": "shrug",
	"1F938-200D-2640-FE0F": "woman-cartwheeling",
	"1F938-200D-2642-FE0F": "man-cartwheeling",
	"1F938": "person_doing_cartwheel",
	"1F939-200D-2640-FE0F": "woman-juggling",
	"1F939-200D-2642-FE0F": "man-juggling",
	"1F939": "juggling",
	"1F93A": "fencer",
	"1F93C-200D-2640-FE0F": "woman-wrestling",
	"1F93C-200D-2642-FE0F": "man-wrestling",
	"1F93C": "wrestlers",
	"1F93D-200D-2640-FE0F": "woman-playing-water-polo",
	"1F93D-200D-2642-FE0F": "man-playing-water-polo",
	"1F93D": "water_polo",
	"1F93E-200D-2640-FE0F": "woman-playing-handball",
	"1F93E-200D-2642-FE0F": "man-playing-handball",
	"1F93E": "handball",
	"1F93F": "diving_mask",
	"1F940": "wilted_flower",
	"1F941": "drum_with_drumsticks",
	"1F942": "clinking_glasses",
	"1F943": "tumbler_glass",
	"1F944": "spoon",
	"1F945": "goal_net",
	"1F947": "first_place_medal",
	"1F948": "second_place_medal",
	"1F949": "third_place_medal",
	"1F94A": "boxing_glove",
	"1F94B": "martial_arts_uniform",
	"1F94C": "curling_stone",
	"1F94D": "lacrosse",
	"1F94E": "softball",
	"1F94F": "flying_disc",
	"1F950": "croissant",
	"1F951": "avocado",
	"1F952": "cucumber",
	"1F953": "bacon",
	"1F954": "potato",
	"1F955": "carrot",
	"1F956": "baguette_bread",
	"1F957": "green_salad",
	"1F958": "shallow_pan_of_food",
	"1F959": "stuffed_flatbread",
	"1F95A": "egg",
	"1F95B": "glass_of_milk",
	"1F95C": "peanuts",
	"1F95D": "kiwifruit",
	"1F95E": "pancakes",
	"1F95F": "dumpling",
	"1F960": "fortune_cookie",
	"1F961": "takeout_box",
	"1F962": "chopsticks",
	"1F963": "bowl_with_spoon",
	"1F964": "cup_with_straw",
	"1F965": "coconut",
	"1F966": "broccoli",
	"1F967": "pie",
	"1F968": "pretzel",
	"1F969": "cut_of_meat",
	"1F96A": "sandwich",
	"1F96B": "canned_food",
	"1F96C": "leafy_green",
	"1F96D": "mango",
	"1F96E": "moon_cake",
	"1F96F": "bagel",
	"1F970": "smiling_face_with_3_hearts",
	"1F971": "yawning_face",
	"1F972": "smiling_face_with_tear",
	"1F973": "partying_face",
	"1F974": "woozy_face",
	"1F975": "hot_face",
	"1F976": "cold_face",
	"1F977": "ninja",
	"1F978": "disguised_face",
	"1F979": "face_holding_back_tears",
	"1F97A": "pleading_face",
	"1F97B": "sari",
	"1F97C": "lab_coat",
	"1F97D": "goggles",
	"1F97E": "hiking_boot",
	"1F97F": "womans_flat_shoe",
	"1F980": "crab",
	"1F981": "lion_face",
	"1F982": "scorpion",
	"1F983": "turkey",
	"1F984": "unicorn_face",
	"1F985": "eagle",
	"1F986": "duck",
	"1F987": "bat",
	"1F988": "shark",
	"1F989": "owl",
	"1F98A": "fox_face",
	"1F98B": "butterfly",
	"1F98C": "deer",
	"1F98D": "gorilla",
	"1F98E": "lizard",
	"1F98F": "rhinoceros",
	"1F990": "shrimp",
	"1F991": "squid",
	"1F992": "giraffe_face",
	"1F993": "zebra_face",
	"1F994": "hedgehog",
	"1F995": "sauropod",
	"1F996": "t-rex",
	"1F997": "cricket",
	"1F998": "kangaroo",
	"1F999": "llama",
	"1F99A": "peacock",
	"1F99B": "hippopotamus",
	"1F99C": "parrot",
	"1F99D": "raccoon",
	"1F99E": "lobster",
	"1F99F": "mosquito",
	"1F9A0": "microbe",
	"1F9A1": "badger",
	"1F9A2": "swan",
	"1F9A3": "mammoth",
	"1F9A4": "dodo",
	"1F9A5": "sloth",
	"1F9A6": "otter",
	"1F9A7": "orangutan",
	"1F9A8": "skunk",
	"1F9A9": "flamingo",
	"1F9AA": "oyster",
	"1F9AB": "beaver",
	"1F9AC": "bison",
	"1F9AD": "seal",
	"1F9AE": "guide_dog",
	"1F9AF": "probing_cane",
	"1F9B4": "bone",
	"1F9B5": "leg",
	"1F9B6": "foot",
	"1F9B7": "tooth",
	"1F9B8-200D-2640-FE0F": "female_superhero",
	"1F9B8-200D-2642-FE0F": "male_superhero",
	"1F9B8": "superhero",
	"1F9B9-200D-2640-FE0F": "female_supervillain",
	"1F9B9-200D-2642-FE0F": "male_supervillain",
	"1F9B9": "supervillain",
	"1F9BA": "safety_vest",
	"1F9BB": "ear_with_hearing_aid",
	"1F9BC": "motorized_wheelchair",
	"1F9BD": "manual_wheelchair",
	"1F9BE": "mechanical_arm",
	"1F9BF": "mechanical_leg",
	"1F9C0": "cheese_wedge",
	"1F9C1": "cupcake",
	"1F9C2": "salt",
	"1F9C3": "beverage_box",
	"1F9C4": "garlic",
	"1F9C5": "onion",
	"1F9C6": "falafel",
	"1F9C7": "waffle",
	"1F9C8": "butter",
	"1F9C9": "mate_drink",
	"1F9CA": "ice_cube",
	"1F9CB": "bubble_tea",
	"1F9CC": "troll",
	"1F9CD-200D-2640-FE0F": "woman_standing",
	"1F9CD-200D-2642-FE0F": "man_standing",
	"1F9CD": "standing_person",
	"1F9CE-200D-2640-FE0F": "woman_kneeling",
	"1F9CE-200D-2640-FE0F-200D-27A1-FE0F": "woman_kneeling_facing_right",
	"1F9CE-200D-2642-FE0F": "man_kneeling",
	"1F9CE-200D-2642-FE0F-200D-27A1-FE0F": "man_kneeling_facing_right",
	"1F9CE-200D-27A1-FE0F": "person_kneeling_facing_right",
	"1F9CE": "kneeling_person",
	"1F9CF-200D-2640-FE0F": "deaf_woman",
	"1F9CF-200D-2642-FE0F": "deaf_man",
	"1F9CF": "deaf_person",
	"1F9D0": "face_with_monocle",
	"1F9D1-200D-1F33E": "farmer",
	"1F9D1-200D-1F373": "cook",
	"1F9D1-200D-1F37C": "person_feeding_baby",
	"1F9D1-200D-1F384": "mx_claus",
	"1F9D1-200D-1F393": "student",
	"1F9D1-200D-1F3A4": "singer",
	"1F9D1-200D-1F3A8": "artist",
	"1F9D1-200D-1F3EB": "teacher",
	"1F9D1-200D-1F3ED": "factory_worker",
	"1F9D1-200D-1F4BB": "technologist",
	"1F9D1-200D-1F4BC": "office_worker",
	"1F9D1-200D-1F527": "mechanic",
	"1F9D1-200D-1F52C": "scientist",
	"1F9D1-200D-1F680": "astronaut",
	"1F9D1-200D-1F692": "firefighter",
	"1F9D1-200D-1F91D-200D-1F9D1": "people_holding_hands",
	"1F9D1-200D-1F9AF-200D-27A1-FE0F": "person_with_white_cane_facing_right",
	"1F9D1-200D-1F9AF": "person_with_probing_cane",
	"1F9D1-200D-1F9B0": "red_haired_person",
	"1F9D1-200D-1F9B1": "curly_haired_person",
	"1F9D1-200D-1F9B2": "bald_person",
	"1F9D1-200D-1F9B3": "white_haired_person",
	"1F9D1-200D-1F9BC-200D-27A1-FE0F": "person_in_motorized_wheelchair_facing_right",
	"1F9D1-200D-1F9BC": "person_in_motorized_wheelchair",
	"1F9D1-200D-1F9BD-200D-27A1-FE0F": "person_in_manual_wheelchair_facing_right",
	"1F9D1-200D-1F9BD": "person_in_manual_wheelchair",
	"1F9D1-200D-1F9D1-200D-1F9D2": "family_adult_adult_child",
	"1F9D1-200D-1F9D1-200D-1F9D2-200D-1F9D2": "family_adult_adult_child_child",
	"1F9D1-200D-1F9D2-200D-1F9D2": "family_adult_child_child",
	"1F9D1-200D-1F9D2": "family_adult_child",
	"1F9D1-200D-2695-FE0F": "health_worker",
	"1F9D1-200D-2696-FE0F": "judge",
	"1F9D1-200D-2708-FE0F": "pilot",
	"1F9D1": "adult",
	"1F9D2": "child",
	"1F9D3": "older_adult",
	"1F9D4-200D-2640-FE0F": "woman_with_beard",
	"1F9D4-200D-2642-FE0F": "man_with_beard",
	"1F9D4": "bearded_person",
	"1F9D5": "person_with_headscarf",
	"1F9D6-200D-2640-FE0F": "woman_in_steamy_room",
	"1F9D6-200D-2642-FE0F": "man_in_steamy_room",
	"1F9D6": "person_in_steamy_room",
	"1F9D7-200D-2640-FE0F": "woman_climbing",
	"1F9D7-200D-2642-FE0F": "man_climbing",
	"1F9D7": "person_climbing",
	"1F9D8-200D-2640-FE0F": "woman_in_lotus_position",
	"1F9D8-200D-2642-FE0F": "man_in_lotus_position",
	"1F9D8": "person_in_lotus_position",
	"1F9D9-200D-2640-FE0F": "female_mage",
	"1F9D9-200D-2642-FE0F": "male_mage",
	"1F9D9": "mage",
	"1F9DA-200D-2640-FE0F": "female_fairy",
	"1F9DA-200D-2642-FE0F": "male_fairy",
	"1F9DA": "fairy",
	"1F9DB-200D-2640-FE0F": "female_vampire",
	"1F9DB-200D-2642-FE0F": "male_vampire",
	"1F9DB": "vampire",
	"1F9DC-200D-2640-FE0F": "mermaid",
	"1F9DC-200D-2642-FE0F": "merman",
	"1F9DC": "merperson",
	"1F9DD-200D-2640-FE0F": "female_elf",
	"1F9DD-200D-2642-FE0F": "male_elf",
	"1F9DD": "elf",
	"1F9DE-200D-2640-FE0F": "female_genie",
	"1F9DE-200D-2642-FE0F": "male_genie",
	"1F9DE": "genie",
	"1F9DF-200D-2640-FE0F": "female_zombie",
	"1F9DF-200D-2642-FE0F": "male_zombie",
	"1F9DF": "zombie",
	"1F9E0": "brain",
	"1F9E1": "orange_heart",
	"1F9E2": "billed_cap",
	"1F9E3": "scarf",
	"1F9E4": "gloves",
	"1F9E5": "coat",
	"1F9E6": "socks",
	"1F9E7": "red_envelope",
	"1F9E8": "firecracker",
	"1F9E9": "jigsaw",
	"1F9EA": "test_tube",
	"1F9EB": "petri_dish",
	"1F9EC": "dna",
	"1F9ED": "compass",
	"1F9EE": "abacus",
	"1F9EF": "fire_extinguisher",
	"1F9F0": "toolbox",
	"1F9F1": "bricks",
	"1F9F2": "magnet",
	"1F9F3": "luggage",
	"1F9F4": "lotion_bottle",
	"1F9F5": "thread",
	"1F9F6": "yarn",
	"1F9F7": "safety_pin",
	"1F9F8": "teddy_bear",
	"1F9F9": "broom",
	"1F9FA": "basket",
	"1F9FB": "roll_of_paper",
	"1F9FC": "soap",
	"1F9FD": "sponge",
	"1F9FE": "receipt",
	"1F9FF": "nazar_amulet",
	"1FA70": "ballet_shoes",
	"1FA71": "one-piece_swimsuit",
	"1FA72": "briefs",
	"1FA73": "shorts",
	"1FA74": "thong_sandal",
	"1FA75": "light_blue_heart",
	"1FA76": "grey_heart",
	"1FA77": "pink_heart",
	"1FA78": "drop_of_blood",
	"1FA79": "adhesive_bandage",
	"1FA7A": "stethoscope",
	"1FA7B": "x-ray",
	"1FA7C": "crutch",
	"1FA80": "yo-yo",
	"1FA81": "kite",
	"1FA82": "parachute",
	"1FA83": "boomerang",
	"1FA84": "magic_wand",
	"1FA85": "pinata",
	"1FA86": "nesting_dolls",
	"1FA87": "maracas",
	"1FA88": "flute",
	"1FA90": "ringed_planet",
	"1FA91": "chair",
	"1FA92": "razor",
	"1FA93": "axe",
	"1FA94": "diya_lamp",
	"1FA95": "banjo",
	"1FA96": "military_helmet",
	"1FA97": "accordion",
	"1FA98": "long_drum",
	"1FA99": "coin",
	"1FA9A": "carpentry_saw",
	"1FA9B": "screwdriver",
	"1FA9C": "ladder",
	"1FA9D": "hook",
	"1FA9E": "mirror",
	"1FA9F": "window",
	"1FAA0": "plunger",
	"1FAA1": "sewing_needle",
	"1FAA2": "knot",
	"1FAA3": "bucket",
	"1FAA4": "mouse_trap",
	"1FAA5": "toothbrush",
	"1FAA6": "headstone",
	"1FAA7": "placard",
	"1FAA8": "rock",
	"1FAA9": "mirror_ball",
	"1FAAA": "identification_card",
	"1FAAB": "low_battery",
	"1FAAC": "hamsa",
	"1FAAD": "folding_hand_fan",
	"1FAAE": "hair_pick",
	"1FAAF": "khanda",
	"1FAB0": "fly",
	"1FAB1": "worm",
	"1FAB2": "beetle",
	"1FAB3": "cockroach",
	"1FAB4": "potted_plant",
	"1FAB5": "wood",
	"1FAB6": "feather",
	"1FAB7": "lotus",
	"1FAB8": "coral",
	"1FAB9": "empty_nest",
	"1FABA": "nest_with_eggs",
	"1FABB": "hyacinth",
	"1FABC": "jellyfish",
	"1FABD": "wing",
	"1FABF": "goose",
	"1FAC0": "anatomical_heart",
	"1FAC1": "lungs",
	"1FAC2": "people_hugging",
	"1FAC3": "pregnant_man",
	"1FAC4": "pregnant_person",
	"1FAC5": "person_with_crown",
	"1FACE": "moose",
	"1FACF": "donkey",
	"1FAD0": "blueberries",
	"1FAD1": "bell_pepper",
	"1FAD2": "olive",
	"1FAD3": "flatbread",
	"1FAD4": "tamale",
	"1FAD5": "fondue",
	"1FAD6": "teapot",
	"1FAD7": "pouring_liquid",
	"1FAD8": "beans",
	"1FAD9": "jar",
	"1FADA": "ginger_root",
	"1FADB": "pea_pod",
	"1FAE0": "melting_face",
	"1FAE1": "saluting_face",
	"1FAE2": "face_with_open_eyes_and_hand_over_mouth",
	"1FAE3": "face_with_peeking_eye",
	"1FAE4": "face_with_diagonal_mouth",
	"1FAE5": "dotted_line_face",
	"1FAE6": "biting_lip",
	"1FAE7": "bubbles",
	"1FAE8": "shaking_face",
	"1FAF0": "hand_with_index_finger_and_thumb_crossed",
	"1FAF1": "rightwards_hand",
	"1FAF2": "leftwards_hand",
	"1FAF3": "palm_down_hand",
	"1FAF4": "palm_up_hand",
	"1FAF5": "index_pointing_at_the_viewer",
	"1FAF6": "heart_hands",
	"1FAF7": "leftwards_pushing_hand",
	"1FAF8": "rightwards_pushing_hand",
	"203C": "bangbang",
	"21A9": "leftwards_arrow_with_hook",
	"21AA": "arrow_right_hook",
	"231A": "watch",
	"231B": "hourglass",
	"23CF": "eject",
	"23E9": "fast_forward",
	"23EA": "rewind",
	"23EB": "arrow_double_up",
	"23EC": "arrow_double_down",
	"23ED": "black_right_pointing_double_triangle_with_vertical_bar",
	"23EE": "black_left_pointing_double_triangle_with_vertical_bar",
	"23EF": "black_right_pointing_triangle_with_double_vertical_bar",
	"23F0": "alarm_clock",
	"23F1": "stopwatch",
	"23F2": "timer_clock",
	"23F3": "hourglass_flowing_sand",
	"23F8": "double_vertical_bar",
	"23F9": "black_square_for_stop",
	"23FA": "black_circle_for_record",
	"24C2": "m",
	"25AA": "black_small_square",
	"25AB": "white_small_square",
	"25B6": "arrow_forward",
	"25C0": "arrow_backward",
	"25FB": "white_medium_square",
	"25FC": "black_medium_square",
	"25FD": "white_medium_small_square",
	"25FE": "black_medium_small_square",
	"260E": ["phone", "telephone"],
	"261D": "point_up",
	"262A": "star_and_crescent",
	"262E": "peace_symbol",
	"262F": "yin_yang",
	"263A": "relaxed",
	"264A": "gemini",
	"264B": "cancer",
	"264C": "leo",
	"264D": "virgo",
	"264E": "libra",
	"264F": "scorpius",
	"265F": "chess_pawn",
	"267B": "recycle",
	"267E": "infinity",
	"267F": "wheelchair",
	"269B": "atom_symbol",
	"269C": "fleur_de_lis",
	"26A0": "warning",
	"26A1": "zap",
	"26A7": "transgender_symbol",
	"26AA": "white_circle",
	"26AB": "black_circle",
	"26B0": "coffin",
	"26B1": "funeral_urn",
	"26BD": "soccer",
	"26BE": "baseball",
	"26C4": "snowman_without_snow",
	"26C5": "partly_sunny",
	"26C8": "thunder_cloud_and_rain",
	"26CE": "ophiuchus",
	"26CF": "pick",
	"26D1": "helmet_with_white_cross",
	"26D3-FE0F-200D-1F4A5": "broken_chain",
	"26D3": "chains",
	"26D4": "no_entry",
	"26E9": "shinto_shrine",
	"26EA": "church",
	"26F0": "mountain",
	"26F1": "umbrella_on_ground",
	"26F2": "fountain",
	"26F3": "golf",
	"26F4": "ferry",
	"26F5": ["boat", "sailboat"],
	"26F7": "skier",
	"26F8": "ice_skate",
	"26F9-FE0F-200D-2640-FE0F": "woman-bouncing-ball",
	"26F9-FE0F-200D-2642-FE0F": "man-bouncing-ball",
	"26F9": "person_with_ball",
	"26FA": "tent",
	"26FD": "fuelpump",
	"270A": "fist",
	"270B": ["hand", "raised_hand"],
	"270C": "v",
	"270D": "writing_hand",
	"270F": "pencil2",
	"271D": "latin_cross",
	"274C": "x",
	"274E": "negative_squared_cross_mark",
	"2764-FE0F-200D-1F525": "heart_on_fire",
	"2764-FE0F-200D-1FA79": "mending_heart",
	"27A1": "arrow_right",
	"27B0": "curly_loop",
	"27BF": "loop",
	"2B05": "arrow_left",
	"2B06": "arrow_up",
	"2B07": "arrow_down",
	"2B1B": "black_large_square",
	"2B1C": "white_large_square",
	"2B50": "star",
	"2B55": "o",
	"303D": "part_alternation_mark"
}
